,Title,Brand,design,conn,Use,Num_reviews,rating,Price,country,segment
0,audifonos deportivos samsung inalambricos itfit a80c - negro,SAMSUNG,Headphones,bluetooth,No-gamer,0.0,4.5,95900,Korea,Mobil accessories
1,airpods serie 3 y pro bluetooth compatibles iphone y android,APPLE,in-ear,bluetooth,No-gamer,0.0,4.5,119000,USA,Mobil accessories
2,audifonos in-ear xiaomi mi headphones basic negro,XIAOMI,in-ear,wire,No-gamer,390.0,4.5,27821,China,Mobil accessories
3,audifonos in-ear inalambricos xiaomi redmi airdots 3 blanco,XIAOMI,in-ear,bluetooth,No-gamer,286.0,4.5,137999,China,Mobil accessories
5,audifonos in-ear gamer inalambricos xiaomi redmi airdots 2 negro,XIAOMI,in-ear,bluetooth,gamer,111.0,4.5,49000,China,Mobil accessories
6,audifonos maxell studio st-200 negro,MAXELL,Headphones,wire,No-gamer,108.0,4.5,46800,Japan,Mobil accessories
7,audifonos in-ear inalambricos lenovo livepods lp40 pro,LENOVO,in-ear,bluetooth,No-gamer,0.0,4.5,100000,China,Mobil accessories
9,audifonos in-ear inalambricos jbl endurance race negro,JBL,in-ear,bluetooth,No-gamer,22.0,4.5,429900,USA,high-end
11,audifonos in-ear inalambricos jbl wave 300tws blanco,JBL,in-ear,bluetooth,No-gamer,95.0,4.5,319000,USA,high-end
12,apple earpods con conector lightning - blanco,APPLE,Headphones,wire,No-gamer,152.0,4.5,70900,USA,Mobil accessories
13,audifonos in-ear gamer inalambricos lenovo xg01 rosa con luz led,LENOVO,in-ear,bluetooth,gamer,42.0,4.5,158900,China,Mobil accessories
14,audifonos in-ear inalambricos sony wi-c310 black,SONY,in-ear,bluetooth,No-gamer,274.0,4.5,139900,Japan,high-end
16,audifonos gamer inalambricos lenovo lp7 blanco,LENOVO,Headphones,bluetooth,gamer,184.0,4.5,106134,China,Mobil accessories
17,audifonos diadema maxell hs-hmic microfono conex usb con control de volumen y mute,MAXELL,Headphones,wire,No-gamer,20.0,4.5,79900,Japan,Mobil accessories
19,audifonos inalambricos sony wh-ch710n negro,SONY,Headphones,bluetooth,No-gamer,83.0,4.5,849900,Japan,high-end
20,audifonos in-ear gamer inalambricos xiaomi redmi airdots 3 pro gris glaciar,XIAOMI,in-ear,bluetooth,gamer,167.0,4.5,299980,China,Mobil accessories
21,audifonos in-ear inalambricos sony wf-c500 blanco,SONY,in-ear,bluetooth,No-gamer,246.0,4.5,549899,Japan,high-end
23,audifonos inalambricos jbl tune 510bt azul,JBL,Headphones,bluetooth,No-gamer,533.0,4.5,194900,USA,high-end
24,audifonos in-ear inalambricos lenovo livepods lp1 negro,LENOVO,in-ear,bluetooth,No-gamer,177.0,4.5,79900,China,Mobil accessories
27,audifonos in-ear gamer inalambricos lenovo xg01 gris con luz led,LENOVO,in-ear,bluetooth,gamer,42.0,4.5,146000,China,Mobil accessories
28,apple airpods pro (2ª generacion),APPLE,in-ear,wire,No-gamer,6.0,4.5,1299000,USA,Mobil accessories
29,audifonos lenovo bluetooth he05 magneticos y ajustables,LENOVO,Headphones,bluetooth,No-gamer,0.0,4.5,59900,China,Mobil accessories
30,auriculares bluetooth f9 8d mejor que xiaomi earpods tactil,XIAOMI,Headphones,bluetooth,No-gamer,0.0,4.5,70000,China,Mobil accessories
31,audifonos inalambricos jbl tune 125bt black,JBL,Headphones,bluetooth,No-gamer,117.0,4.5,163000,USA,high-end
33,audifonos in-ear samsung tuned by akg black,SAMSUNG,in-ear,wire,No-gamer,351.0,4.5,18000,Korea,Mobil accessories
34,audifonos logitech h111 gris,LOGITECH,Headphones,wire,No-gamer,235.0,4.5,64589,Swiss,high-end
35,audifonos in-ear gamer inalambricos xiaomi mi true wireless earbuds basic 2s negro,XIAOMI,in-ear,bluetooth,gamer,43.0,4.5,96615,China,Mobil accessories
36,audifonos in-ear gamer inalambricos sony linkbuds s negro,SONY,in-ear,bluetooth,gamer,24.0,4.5,1129900,Japan,high-end
37,audifonos in-ear inalambricos lenovo livepods lp1 blanco y gris,LENOVO,in-ear,bluetooth,No-gamer,177.0,4.5,74000,China,Mobil accessories
38,audifonos inalambricos jbl tune 510bt rosa,JBL,Headphones,bluetooth,No-gamer,533.0,4.5,409900,USA,high-end
39,audifonos in-ear xiaomi mi headphones basic plateado,XIAOMI,in-ear,wire,No-gamer,390.0,4.5,22650,China,Mobil accessories
40,audifonos inalambricos sony 1000x series wh-1000xm5 platinum silver,SONY,Headphones,bluetooth,No-gamer,84.0,4.5,1324900,Japan,high-end
41,audifonos inalambricos samsung level u2 negro,SAMSUNG,Headphones,bluetooth,No-gamer,27.0,4.5,199000,Korea,Mobil accessories
44,audifonos in-ear inalambricos jbl wave 100tws black,JBL,in-ear,bluetooth,No-gamer,68.0,4.5,277000,USA,high-end
45,audifonos gamer jbl quantum 100 negro,JBL,Headphones,wire,gamer,107.0,4.5,180000,USA,high-end
46,audifonos inalambricos jbl tune 760nc black,JBL,Headphones,bluetooth,No-gamer,15.0,4.5,379900,USA,high-end
48,audifonos in-ear gamer inalambricos haylou t series t15 negro,HAYLOU,in-ear,bluetooth,gamer,181.0,4.5,159000,China,Mobil accessories
49,audifonos sony zx series mdr-zx110 rosa,SONY,Headphones,wire,No-gamer,799.0,4.5,73200,Japan,high-end
50,audifonos in-ear gamer inalambricos samsung galaxy buds2 pro graphite,SAMSUNG,in-ear,bluetooth,gamer,20.0,4.5,789900,Korea,Mobil accessories
51,audifonos in-ear inalambricos sony 1000x series wf-1000xm4 plata,SONY,in-ear,bluetooth,No-gamer,112.0,4.5,1499904,Japan,high-end
52,airpods 3ra generacion tipo aaa audifonos inalambricos,APPLE,in-ear,bluetooth,No-gamer,14.0,4.5,101524,USA,Mobil accessories
54,audifonos in-ear inalambricos lenovo livepods lp1 blanco y rojo,LENOVO,in-ear,bluetooth,No-gamer,177.0,4.5,74000,China,Mobil accessories
58,audifonos in-ear inalambricos lenovo livepods lp1s blanco,LENOVO,in-ear,bluetooth,No-gamer,71.0,4.5,97600,China,Mobil accessories
60,audifonos audio-technica m-series ath-m30x negro,AUDIO-TECHNICA,Headphones,wire,No-gamer,60.0,4.5,428000,Japan,professional
61,audifonos 100% lenovo livepods lp75 bluetooth 5.3 negro ya!!,LENOVO,Headphones,bluetooth,No-gamer,20.0,4.5,115831,China,Mobil accessories
62,audifonos in-ear inalambricos jbl endurance race blanco,JBL,in-ear,bluetooth,No-gamer,22.0,4.5,429900,USA,high-end
65,audifonos sony zx series mdr-zx110 blanco,SONY,Headphones,wire,No-gamer,799.0,4.5,50900,Japan,high-end
66,audifonos logitech h390 negro,LOGITECH,Headphones,wire,No-gamer,418.0,4.5,156900,Swiss,high-end
67,audifonos in-ear samsung ehs61asfwe blanco,SAMSUNG,in-ear,wire,No-gamer,81.0,4.5,14900,Korea,Mobil accessories
68,audifonos sony zx series mdr-zx110ap negro,SONY,Headphones,wire,No-gamer,565.0,4.5,61900,Japan,high-end
69,audifonos in-ear motorola earbuds 2 negro,MOTOROLA,in-ear,wire,No-gamer,89.0,4.5,39192,USA,Mobil accessories
70,audifonos inalambricos soundcore life series life q30 black,SOUNDCORE,Headphones,bluetooth,No-gamer,54.0,4.5,434990,China,high-end
71,audifonos in-ear gamer inalambricos haylou gt series gt7 blanco,HAYLOU,in-ear,bluetooth,gamer,61.0,4.5,132900,China,Mobil accessories
72,audifonos audio-technica m-series ath-m20x negro,AUDIO-TECHNICA,Headphones,wire,No-gamer,167.0,4.5,280000,Japan,professional
73,audifonos xiaomi in-ear inalambricos redmi airdots 2 negro,XIAOMI,in-ear,bluetooth,No-gamer,0.0,4.5,51900,China,Mobil accessories
74,audifonos in-ear sony ex series mdr-ex15ap blanco,SONY,in-ear,wire,No-gamer,554.0,4.5,34901,Japan,high-end
75,audifonos in-ear inalambricos haylou gt series gt3 negro,HAYLOU,in-ear,bluetooth,No-gamer,175.0,4.5,139900,China,Mobil accessories
77,audifonos jbl tune 500 negro,JBL,Headphones,wire,No-gamer,280.0,4.5,148000,USA,high-end
78,apple airpods (3ª generacion) con estuche de carga magsafe,APPLE,in-ear,wire,No-gamer,13.0,4.5,1000000,USA,Mobil accessories
80,audifonos in-ear inalambricos bose quietcomfort earbuds triple black,BOSE,in-ear,bluetooth,No-gamer,19.0,4.5,1250000,USA,professional
82,audifonos in-ear inalambricos huawei freelace amber sunrise,HUAWEI,in-ear,bluetooth,No-gamer,188.0,4.5,275900,China,Mobil accessories
83,audifonos inalambricos sony wi-xb400 azul,SONY,Headphones,bluetooth,No-gamer,115.0,4.5,199900,Japan,high-end
84,diadema manos libres bluetooth v5.0 25h motorola moto xt500+,MOTOROLA,in-ear,bluetooth,No-gamer,30.0,4.5,182211,USA,Mobil accessories
89,audifonos sennheiser hd 400s negro,SENNHEISER,Headphones,wire,No-gamer,43.0,4.5,269990,Germany,high-end
90,audifonos in-ear samsung tuned by akg white,SAMSUNG,in-ear,wire,No-gamer,351.0,4.5,49000,Korea,Mobil accessories
91,audifonos audio-technica m-series ath-m50x negro,AUDIO-TECHNICA,Headphones,wire,No-gamer,75.0,4.5,897600,Japan,professional
92,audifonos lenovo thinkplus livepods xt88 bluetooth 5.3 ya!!,LENOVO,Headphones,bluetooth,No-gamer,10.0,4.5,120000,China,Mobil accessories
94,audifonos in-ear jbl endurance run yellow,JBL,in-ear,wire,No-gamer,159.0,4.5,119900,USA,high-end
95,audifonos inalambricos bluetooth xiaomi redmi buds 3 lite,XIAOMI,Headphones,bluetooth,No-gamer,0.0,4.5,117890,China,Mobil accessories
97,audifonos inalambricos soundcore life series life q20 black,SOUNDCORE,Headphones,bluetooth,No-gamer,42.0,4.5,299900,China,high-end
99,audifonos in-ear gamer inalambricos samsung galaxy buds2 pro bora purple,SAMSUNG,in-ear,bluetooth,gamer,20.0,4.5,849900,Korea,Mobil accessories
100,audifonos sony zx series mdr-zx110ap blanco,SONY,Headphones,wire,No-gamer,565.0,4.5,61900,Japan,high-end
101,audifonos in-ear inalambricos lenovo livepods lp1s negro,LENOVO,in-ear,bluetooth,No-gamer,71.0,4.5,78200,China,Mobil accessories
102,audifonos audio-technica m-series ath-m40x negro,AUDIO-TECHNICA,Headphones,wire,No-gamer,122.0,4.5,647700,Japan,professional
103,audifonos inalambricos lenovo ht38 tws bluetooth 5.0,LENOVO,Headphones,bluetooth,No-gamer,24.0,4.5,59900,China,Mobil accessories
104,audifonos beats flex - gris ahumado,BEATS,Headphones,wire,No-gamer,52.0,4.5,226000,USA,high-end
106,audifonos inalambricos jbl tune 125bt blue,JBL,Headphones,bluetooth,No-gamer,117.0,4.5,164900,USA,high-end
107,audifonos lenovo x5  de conduccion osea resistente al agua,LENOVO,Headphones,wire,No-gamer,17.0,4.5,231517,China,Mobil accessories
110,audifonos beats solo³ wireless - matte black,BEATS,Headphones,wire,No-gamer,10.0,4.5,691000,USA,high-end
111,audifonos in-ear gamer inalambricos samsung galaxy buds2 pro white,SAMSUNG,in-ear,bluetooth,gamer,20.0,4.5,849900,Korea,Mobil accessories
114,audifonos in-ear inalambricos jbl wave 200tws black,JBL,in-ear,bluetooth,No-gamer,21.0,4.5,299900,USA,high-end
117,audifonos inalambricos sony wh-ch710n azul,SONY,Headphones,bluetooth,No-gamer,83.0,4.5,849900,Japan,high-end
121,audifonos in-ear sony ex series mdr-ex15ap purpura,SONY,in-ear,wire,No-gamer,554.0,4.5,34901,Japan,high-end
122,apple airpods (3ª generacion) con estuche de carga lightning,APPLE,in-ear,wire,No-gamer,6.0,4.5,1105000,USA,Mobil accessories
124,audifonos inalambricos lenovo ht38 earbuds,LENOVO,in-ear,bluetooth,No-gamer,0.0,4.5,59900,China,Mobil accessories
125,audifonos in-ear xiaomi mi piston basic edition negro,XIAOMI,in-ear,wire,No-gamer,15.0,4.5,10032,China,Mobil accessories
126,audifonos in-ear inalambricos samsung galaxy buds2 lila,SAMSUNG,in-ear,bluetooth,No-gamer,135.0,4.5,419920,Korea,Mobil accessories
129,lenovo auriculares deportivos inalambricos sh1 bluetooth 5.0,LENOVO,Headphones,bluetooth,No-gamer,0.0,4.5,65000,China,Mobil accessories
130,audifonos in-ear motorola earbuds 2 blanco,MOTOROLA,in-ear,wire,No-gamer,89.0,4.5,59900,USA,Mobil accessories
133,audifonos inpods 12 bluetooth 5.0 multicolor touch,OTHER,Headphones,bluetooth,No-gamer,0.0,4.5,37999,China,Other
134,audifonos inalambricos sony wh-xb910n negro,SONY,Headphones,bluetooth,No-gamer,33.0,4.5,1099900,Japan,high-end
135,audifonos in-ear gamer inalambricos xiaomi mi true wireless earbuds basic 2 negro,XIAOMI,in-ear,bluetooth,gamer,124.0,4.5,76500,China,Mobil accessories
138,audifonos in-ear inalambricos sony wi-c310 blue,SONY,in-ear,bluetooth,No-gamer,274.0,4.5,176714,Japan,high-end
139,audifonos bluetooth maxell one quick response carga rapida,MAXELL,Headphones,bluetooth,No-gamer,22.0,4.5,199900,Japan,Mobil accessories
140,audifonos in-ear inalambricos bose quietcomfort earbuds soapstone,BOSE,in-ear,bluetooth,No-gamer,19.0,4.5,978990,USA,professional
143,audifonos in-ear inalambricos huawei freebuds 3 negro carbon,HUAWEI,in-ear,bluetooth,No-gamer,44.0,4.5,389900,China,Mobil accessories
146,audifonos 100% lenovo livepods xt80 bluetooth 5.3 negro ya!!,LENOVO,Headphones,bluetooth,No-gamer,0.0,4.5,122500,China,Mobil accessories
147,audifonos samsung itfit a08c inalambrico negro.,SAMSUNG,Headphones,bluetooth,No-gamer,61.0,4.5,70055,Korea,Mobil accessories
148,audifonos inalambricos sony wi-xb400 negro,SONY,Headphones,bluetooth,No-gamer,115.0,4.5,199900,Japan,high-end
149,audifonos gamer logitech g series g332 black,LOGITECH,Headphones,wire,gamer,287.0,4.5,305765,Swiss,high-end
150,audifonos inalambricos jbl tune 500bt negro,JBL,Headphones,bluetooth,No-gamer,522.0,4.5,181000,USA,high-end
151,audifonos inalambricos jbl tune 230nc tws cancelacion ruido color blanco,JBL,Headphones,bluetooth,No-gamer,61.0,4.5,399500,USA,high-end
153,audifonos inalambricos sony 1000x series wh-1000xm4 silver,SONY,Headphones,bluetooth,No-gamer,506.0,4.5,2257900,Japan,high-end
154,audifonos in-ear inalambricos jbl tune 125tws negro,JBL,in-ear,bluetooth,No-gamer,12.0,4.5,390000,USA,high-end
155,audifonos inalambricos sony wh-ch710n blanco,SONY,Headphones,bluetooth,No-gamer,83.0,4.5,849900,Japan,high-end
157,audifonos in-ear inalambricos jbl wave 100tws ivory,JBL,in-ear,bluetooth,No-gamer,68.0,4.5,240306,USA,high-end
160,audifonos inalambricos jbl live 400bt negro,JBL,Headphones,bluetooth,No-gamer,7.0,4.5,499900,USA,high-end
163,audifonos behringer hpm1000 black,BEHRINGER,Headphones,wire,No-gamer,125.0,4.5,92990,Germany,professional
165,apple earpods con conector de 3.5 mm - blanco,APPLE,Headphones,wire,No-gamer,198.0,4.5,70000,USA,Mobil accessories
167,audifonos in-ear inalambricos huawei freebuds 3 blanco ceramica,HUAWEI,in-ear,bluetooth,No-gamer,44.0,4.5,319000,China,Mobil accessories
170,audifonos gamer jbl quantum 300 negro,JBL,Headphones,wire,gamer,23.0,4.5,251337,USA,high-end
171,audifonos in-ear inalambricos samsung galaxy buds pro negro,SAMSUNG,in-ear,bluetooth,No-gamer,36.0,4.5,850900,Korea,Mobil accessories
172,audifonos lenovo x4 conduccion osea 100% original envio ya!!,LENOVO,Headphones,wire,No-gamer,0.0,4.5,178000,China,Mobil accessories
174,audifonos sony zx series mdr-zx310ap white,SONY,Headphones,wire,No-gamer,900.0,4.5,74900,Japan,high-end
178,audifonos in-ear gamer inalambricos sony linkbuds s crema,SONY,in-ear,bluetooth,gamer,24.0,4.5,1129900,Japan,high-end
179,audifonos in-ear xiaomi mi capsule earphones,XIAOMI,in-ear,wire,No-gamer,0.0,4.5,44890,China,Mobil accessories
182,audifonos in-ear gamer jbl quantum 50 black,JBL,in-ear,wire,gamer,106.0,4.5,125600,USA,high-end
187,audifonos gamer thinkplus inalambricos lenovo livepods xt92,LENOVO,Headphones,bluetooth,gamer,23.0,4.5,82458,China,Mobil accessories
188,audifonos inalambricos jbl tune 500bt blanco,JBL,Headphones,bluetooth,No-gamer,522.0,4.5,190000,USA,high-end
189,audifonos gamer inalambricos jbl quantum 600 negro con luz led,JBL,Headphones,bluetooth,gamer,11.0,4.5,799900,USA,high-end
190,manos libres audifonos samsung akg s8 s9 + original,SAMSUNG,in-ear,wire,No-gamer,0.0,4.5,44000,Korea,Mobil accessories
192,auriculares in-ear lenovo thinkplus lp40 pro,LENOVO,in-ear,wire,No-gamer,0.0,4.5,106000,China,Mobil accessories
194,audifonos in-ear inalambricos skullcandy indy black,SKULLCANDY,in-ear,bluetooth,No-gamer,4.0,4.5,300000,USA,high-end
199,audifonos in-ear inalambricos jbl wave 200tws white,JBL,in-ear,bluetooth,No-gamer,21.0,4.5,287500,USA,high-end
200,audifonos bluetooth xiaomi redmi buds 3 lite + estuche ,XIAOMI,Headphones,bluetooth,No-gamer,0.0,4.5,122890,China,Mobil accessories
201,audifonos in-ear sony ex series mdr-ex15lp azul,SONY,in-ear,wire,No-gamer,245.0,4.5,26900,Japan,high-end
202,audifonos gamer inalambricos logitech g series g435 blanco crudo y lila,LOGITECH,Headphones,bluetooth,gamer,49.0,4.5,304003,Swiss,high-end
203,auriculares in-ear lenovo thinkplu lp40 pro negro ,LENOVO,in-ear,wire,No-gamer,0.0,4.5,100000,China,Mobil accessories
204,audifonos behringer hpm1000 silver y black,BEHRINGER,Headphones,wire,No-gamer,125.0,4.5,92990,Germany,professional
206,audifonos inalambricos jbl tune 760nc blue,JBL,Headphones,bluetooth,No-gamer,15.0,4.5,394500,USA,high-end
207,audifonos lenovo gm2pro inalambrico gaming deportivos ,LENOVO,Headphones,bluetooth,No-gamer,0.0,4.5,84500,China,Mobil accessories
208,audifonos inalambricos aftershokz openmove gris,AFTERSHOKZ,Headphones,bluetooth,No-gamer,25.0,4.5,439900,USA,high-end
209,auriculares m18 bluetooth 5.1 audifonos power bank linterna,OTHER,Headphones,bluetooth,No-gamer,0.0,4.5,89900,China,Other
210,audifonos inalambricos jbl tune 125bt white,JBL,Headphones,bluetooth,No-gamer,117.0,4.5,142500,USA,high-end
211,audifonos inalambricos xiaomi redmi buds 3 lite negro,XIAOMI,Headphones,bluetooth,No-gamer,0.0,4.5,83000,China,Mobil accessories
214,audifonos in-ear gamer inalambricos lenovo xg01 blanco con luz led,LENOVO,in-ear,bluetooth,gamer,42.0,4.5,148000,China,Mobil accessories
215,audifonos in-ear inalambricos huawei freebuds pro negro carbon,HUAWEI,in-ear,bluetooth,No-gamer,33.0,4.5,545000,China,Mobil accessories
216,audifonos in-ear jbl c50hi negro,JBL,in-ear,wire,No-gamer,42.0,4.5,37700,USA,high-end
218,audifonos jbl tune 500 azul,JBL,Headphones,wire,No-gamer,280.0,4.5,139900,USA,high-end
222,audifonos in-ear inalambricos huawei freebuds 4 silver frost,HUAWEI,in-ear,bluetooth,No-gamer,10.0,4.5,499900,China,Mobil accessories
223,audifonos in-ear xiaomi mi pro hd silver,XIAOMI,in-ear,wire,No-gamer,75.0,4.5,29900,China,Mobil accessories
226,audifonos manos libres huawei control vol. 3.5 mm original,HUAWEI,in-ear,wire,No-gamer,0.0,4.5,29900,China,Mobil accessories
227,audifonos behringer hpx2000 negro y plateado,BEHRINGER,Headphones,wire,No-gamer,25.0,4.5,149000,Germany,professional
228,audifonos 100% lenovo lp40 pro bluetooth 5.1 rosados ya!!,LENOVO,Headphones,bluetooth,No-gamer,0.0,4.5,83000,China,Mobil accessories
230,manos libres audifonos samsung akg note 10 tipo c original,SAMSUNG,in-ear,wire,No-gamer,0.0,4.5,62000,Korea,Mobil accessories
235,audifonos inalambricos sony wh-xb910n azul,SONY,Headphones,bluetooth,No-gamer,33.0,4.5,1099900,Japan,high-end
237,audifonos inalambricos bluetooth 5.0,OTHER,Headphones,bluetooth,No-gamer,0.0,4.5,34999,China,Other
238,audifonos gamer logitech pro x negro,LOGITECH,Headphones,wire,gamer,28.0,4.5,568900,Swiss,high-end
239,audifonos in-ear jbl tune 110 red,JBL,in-ear,wire,No-gamer,1456.0,4.5,59800,USA,high-end
240,audifonos in-ear inalambricos jbl tune 130nc tws blanco,JBL,in-ear,bluetooth,No-gamer,10.0,4.5,399500,USA,high-end
241,audifonos in-ear inalambricos haylou t series moripods rosa,HAYLOU,in-ear,bluetooth,No-gamer,78.0,4.5,149900,China,Mobil accessories
242,audifonos sony zx series mdr-zx310ap red,SONY,Headphones,wire,No-gamer,900.0,4.5,90000,Japan,high-end
243,audifonos inalambricos de conduccion osea lenovo x3 titanium,LENOVO,Headphones,bluetooth,No-gamer,0.0,4.5,84900,China,Mobil accessories
244,audifonos inalambricos jbl endurance peak negro,JBL,Headphones,bluetooth,No-gamer,13.0,4.5,470000,USA,high-end
246,audifonos in-ear inalambricos xiaomi mi earphones 2 basic blanco,XIAOMI,in-ear,bluetooth,No-gamer,225.0,4.5,99900,China,Mobil accessories
249,audifonos touch 8d bluetooth 5.0 tactil power bank 2000mah,OTHER,Headphones,bluetooth,No-gamer,0.0,4.5,74900,China,Other
250,audifonos in-ear inalambricos sony wi-c310 white,SONY,in-ear,bluetooth,No-gamer,274.0,4.5,294900,Japan,high-end
252,audifonos inalambrico lenovo lp5 auriculares tws originales,LENOVO,Headphones,bluetooth,No-gamer,0.0,4.5,99900,China,Mobil accessories
255,audifonos beats powerbeats pro totalmente inalambricos - negro,BEATS,Headphones,bluetooth,No-gamer,11.0,4.5,990000,USA,high-end
257,audifonos inalambricos bose 700 black,BOSE,Headphones,bluetooth,No-gamer,22.0,4.5,1869900,USA,professional
259,audifonos inalambricos jbl tune 760nc white,JBL,Headphones,bluetooth,No-gamer,15.0,4.5,375333,USA,high-end
260,audifonos bluetooth inalambricos xiaomi redmi buds 4,XIAOMI,Headphones,bluetooth,No-gamer,0.0,4.5,229990,China,Mobil accessories
261,audifonos in-ear jbl endurance run black,JBL,in-ear,wire,No-gamer,159.0,4.5,124900,USA,high-end
264,audifonos earbuds inalambricos lenovo bluetooth xt90 tws ,LENOVO,in-ear,bluetooth,No-gamer,9.0,4.5,79900,China,Mobil accessories
265,audifonos in-ear jbl endurance run red,JBL,in-ear,wire,No-gamer,159.0,4.5,119900,USA,high-end
267,audifonos inalambricos sony wh-ch510 blanco,SONY,Headphones,bluetooth,No-gamer,686.0,4.5,427900,Japan,high-end
270,audifonos jbl tune 500 blanco,JBL,Headphones,wire,No-gamer,280.0,4.5,121700,USA,high-end
272,audifonos in-ear sony ex series mdr-ex15ap rosa,SONY,in-ear,wire,No-gamer,554.0,4.5,34901,Japan,high-end
277,audifonos in-ear inalambricos lenovo livepods xt96 ,LENOVO,in-ear,bluetooth,No-gamer,4.0,4.5,79199,China,Mobil accessories
282,audifonos in-ear gamer inalambricos sony linkbuds s blanco,SONY,in-ear,bluetooth,gamer,24.0,4.5,1129900,Japan,high-end
285,audifonos gamer inalambricos logitech g series g733 negro con luz  rgb led,LOGITECH,Headphones,bluetooth,gamer,84.0,4.5,723000,Swiss,high-end
286,audifonos in-ear inalambricos samsung galaxy buds pro violeta,SAMSUNG,in-ear,bluetooth,No-gamer,36.0,4.5,580900,Korea,Mobil accessories
289,audifonos akg k72 black,AKG,Headphones,wire,No-gamer,32.0,4.5,210000,Austria,high-end
292,audifonos originales huawei con conector tipo c cm33,HUAWEI,Headphones,wire,No-gamer,0.0,4.5,89990,China,Mobil accessories
293,audifonos akg k240 studio negro,AKG,Headphones,wire,No-gamer,13.0,4.5,354995,Austria,high-end
294,audifonos bluetooth xiaomi airdots audifonos inalambricos,XIAOMI,Headphones,bluetooth,No-gamer,0.0,4.5,79990,China,Mobil accessories
295,audifonos in-ear inalambricos jbl endurance run bt red,JBL,in-ear,bluetooth,No-gamer,52.0,4.5,168900,USA,high-end
296,audifonos in-ear inalambricos jbl wave 100tws purple,JBL,in-ear,bluetooth,No-gamer,68.0,4.5,290000,USA,high-end
299,audifonos in-ear jbl endurance run blue,JBL,in-ear,wire,No-gamer,159.0,4.5,124900,USA,high-end
300,auriculares xiaomi mi true wireless earbuds basic 2 original,XIAOMI,in-ear,wire,No-gamer,0.0,4.5,78000,China,Mobil accessories
301,audifonos inalambricos soundcore life series life q30 sakura pink,SOUNDCORE,Headphones,bluetooth,No-gamer,54.0,4.5,449900,China,high-end
304,audifonos inalambricos soundcore life series life q30 midnight blue,SOUNDCORE,Headphones,bluetooth,No-gamer,54.0,4.5,482900,China,high-end
306,audifonos inalambricos maxell metalz eb - bt750 negro,MAXELL,Headphones,bluetooth,No-gamer,0.0,4.5,69900,Japan,Mobil accessories
307,audifonos earpods apple iphone 3.5mm 5 5s 6 6s plus original,APPLE,Headphones,wire,No-gamer,0.0,4.5,70000,USA,Mobil accessories
308,"lenovo-auriculares inalambricos sh1 con bluetooth 5,0,",LENOVO,Headphones,bluetooth,No-gamer,0.0,4.5,59900,China,Mobil accessories
312,audifonos in-ear inalambricos lenovo thinkplus livepods xt88,LENOVO,in-ear,bluetooth,No-gamer,0.0,4.5,78000,China,Mobil accessories
314,audifonos 100% honor xsport am61 inalambricos bluetooth ya!!,HONOR,Headphones,bluetooth,No-gamer,0.0,4.5,178900,China,Mobil accessories
315,audifono sennheiser hd 250bt bt 5.0 hasta 25 hrs de uso ,SENNHEISER,Headphones,wire,No-gamer,20.0,4.5,239900,Germany,high-end
317,auriculares magneticos audifonos manos libres bluetooth 4.2,OTHER,in-ear,bluetooth,No-gamer,0.0,4.5,12000,China,Other
318,audifonos gamer inalambricos jbl quantum 800 negro con luz led,JBL,Headphones,bluetooth,gamer,0.0,4.5,999900,USA,high-end
321,audifonos beats powerbeats pro totalmente inalambricos - azul marino,BEATS,Headphones,bluetooth,No-gamer,11.0,4.5,990000,USA,high-end
322,audifonos manos libres xiaomi piston fresh original,XIAOMI,in-ear,wire,No-gamer,0.0,4.5,34999,China,Mobil accessories
325,audifonos gamer logitech g pro negro,LOGITECH,Headphones,wire,gamer,15.0,4.5,402900,Swiss,high-end
326,audifonos con microfono maxell conexion tipo-c/adaptador usb,MAXELL,Headphones,wire,No-gamer,0.0,4.5,49717,Japan,Mobil accessories
327,audifono aiwa awx107b diadema alambrico 1.2mts estereo negro color negro,OTHER,Headphones,wire,No-gamer,71.0,4.5,49900,China,Other
330,"audifonos akg samsung s22/22/+/ultra,s21/21+,21ultra,note20",SAMSUNG,Headphones,wire,No-gamer,0.0,4.5,69000,Korea,Mobil accessories
332,audifonos bluetooth xiaomi redmi buds 3 tws + estuche,XIAOMI,Headphones,bluetooth,No-gamer,0.0,4.5,192690,China,Mobil accessories
333,audifonos in ear inalambricos tws maxell bluetooth mini duo negro,MAXELL,Headphones,bluetooth,No-gamer,15.0,4.5,102900,Japan,Mobil accessories
335,audifono auricular inalambrico empresarial bluetooth 5.0,OTHER,Headphones,bluetooth,No-gamer,0.0,4.5,104990,China,Other
338,audifonos pioneer hdj-x7 black,PIONEER,Headphones,wire,No-gamer,0.0,4.5,1131990,Japan,professional
340,audifonos sony bluetooth noise cancelling | wh-1000xm5,SONY,Headphones,bluetooth,No-gamer,0.0,4.5,2249900,Japan,high-end
341,audifonos originales samsung galaxy j1 j3 j5 j7 prime ace,SAMSUNG,Headphones,wire,No-gamer,0.0,4.5,24990,Korea,Mobil accessories
345,audifonos xiaomi mi dual drivers dynamic hd original,XIAOMI,Headphones,wire,No-gamer,0.0,4.5,74890,China,Mobil accessories
346,audifonos pioneer hdj-x5 black,PIONEER,Headphones,wire,No-gamer,10.0,4.5,595000,Japan,professional
347,audifonos bluetooth xiaomi air2 se originales,XIAOMI,Headphones,bluetooth,No-gamer,0.0,4.5,119900,China,Mobil accessories
348,"logitech z313, altavoces 2.1 de sonido potente y equilibrado voltaje 110v color negro",LOGITECH,Headphones,wire,No-gamer,194.0,4.5,230900,Swiss,high-end
351,audifonos para iphone 7 en adelante 100% originales.,OTHER,Headphones,wire,No-gamer,0.0,4.5,103000,China,Other
354,"audifonos, auriculares bluetooth 4.1 magneticos, black",OTHER,Headphones,bluetooth,No-gamer,0.0,4.5,13990,China,Other
356,audifonos inalambricos jbl tune 110bt black,JBL,Headphones,bluetooth,No-gamer,98.0,4.5,150000,USA,high-end
358,audifonos lenovo bluetooth con microfono cancelacion ruido. ,LENOVO,Headphones,bluetooth,No-gamer,0.0,4.5,110000,China,Mobil accessories
359,audifonos in-ear jbl tune t205 black,JBL,in-ear,wire,No-gamer,64.0,4.5,128000,USA,high-end
361,audifonos audio-technica m-series ath-m50x naranja metalizado,AUDIO-TECHNICA,Headphones,wire,No-gamer,75.0,4.5,1025000,Japan,professional
362,audifono bluetooth motorola moto sp105,MOTOROLA,Headphones,bluetooth,No-gamer,17.0,4.5,199900,USA,Mobil accessories
364,audifonos inalambricos sony wh-ch510 negro,SONY,Headphones,bluetooth,No-gamer,686.0,4.5,341900,Japan,high-end
368,apple a.a.a. airpods 3 generacion 2022 ,APPLE,in-ear,wire,No-gamer,0.0,4.5,159000,USA,Mobil accessories
369,audifonos in-ear inalambricos sony wf-xb700 negro,SONY,in-ear,bluetooth,No-gamer,210.0,4.5,749000,Japan,high-end
372,audifonos in-ear sony ex series mdr-ex15ap negro,SONY,in-ear,wire,No-gamer,554.0,4.5,113900,Japan,high-end
373,manos libres samsung akg usb tipoc originales,SAMSUNG,in-ear,wire,No-gamer,0.0,4.5,60000,Korea,Mobil accessories
375,auriculares in-ear lenovo thinkplus lp40 pro - blanco ,LENOVO,in-ear,wire,No-gamer,0.0,4.5,100000,China,Mobil accessories
376,audifonos inalambricos sony wh-ch510 azul,SONY,Headphones,bluetooth,No-gamer,686.0,4.5,406990,Japan,high-end
377,audifonos premium lenovo gaming + estuche entrega inmediata,LENOVO,Headphones,wire,No-gamer,0.0,4.5,199999,China,Mobil accessories
378,audifonos beats flex - beats azabache,BEATS,Headphones,wire,No-gamer,52.0,4.5,359550,USA,high-end
382,audifonos sony noise cancelling bluetooth hi-res wh-1000xm4,SONY,Headphones,bluetooth,No-gamer,0.0,4.5,1809902,Japan,high-end
383,audifonos bluetooth motorola verve rap 100 siri alexa ipx5,MOTOROLA,Headphones,bluetooth,No-gamer,93.0,4.5,279999,USA,Mobil accessories
384,audifonos sony bluetooth con funcion manos libres - wh-ch510,SONY,in-ear,bluetooth,No-gamer,0.0,4.5,229900,Japan,high-end
386,audifonos samsung inalambricos bluetooth c&t itfit a08c,SAMSUNG,Headphones,bluetooth,No-gamer,0.0,4.5,70055,Korea,Mobil accessories
387,audifonos in-ear inalambricos jbl tune 115tws black,JBL,in-ear,bluetooth,No-gamer,15.0,4.5,279900,USA,high-end
388,audifonos inalambricos aftershokz aeropex standard cosmic black,AFTERSHOKZ,Headphones,bluetooth,No-gamer,70.0,4.5,929999,USA,high-end
390,audifonos sony zx series mdr-zx310ap blue,SONY,Headphones,wire,No-gamer,900.0,4.5,174500,Japan,high-end
391,audifonos motorola earbuds negro,MOTOROLA,in-ear,wire,No-gamer,24.0,4.5,37900,USA,Mobil accessories
394,audifonos inalambricos sennheiser hd 4.40bt negro,SENNHEISER,Headphones,bluetooth,No-gamer,37.0,4.5,562759,Germany,high-end
396,audifonos bluetooth sony  in-ear - wi-c310,SONY,in-ear,bluetooth,No-gamer,0.0,4.5,299902,Japan,high-end
398,audifonos gamer inalambricos logitech g series g435 negro y amarillo fluorescente,LOGITECH,Headphones,bluetooth,gamer,49.0,4.5,387112,Swiss,high-end
401,"audifonos diadema manos libres motorola moto xt120, plug 3.5",MOTOROLA,in-ear,wire,No-gamer,22.0,4.5,70000,USA,Mobil accessories
402,audifonos inalambricos aftershokz air slate gray,AFTERSHOKZ,Headphones,bluetooth,No-gamer,26.0,4.5,1162900,USA,high-end
403,maxell audifo ec-155 ear clip flat cable w/ mic blue,MAXELL,Headphones,wire,No-gamer,0.0,4.5,32900,Japan,Mobil accessories
404,audifonos in-ear sony ex series mdr-ex15lp negro,SONY,in-ear,wire,No-gamer,245.0,4.5,113990,Japan,high-end
406,audifonos lenovo he05 bluetooth inalambrico banda de cuello ,LENOVO,Headphones,bluetooth,No-gamer,0.0,4.5,48999,China,Mobil accessories
407,audifonos inalambricos jbl tune 710bt blanco,JBL,Headphones,bluetooth,No-gamer,22.0,4.5,507550,USA,high-end
409,apple airpods max - azul cielo,APPLE,in-ear,wire,No-gamer,13.0,4.5,4335900,USA,Mobil accessories
411,audifonos in-ear sony ex series mdr-ex15lp purpura,SONY,in-ear,wire,No-gamer,245.0,4.5,26900,Japan,high-end
413,audifonos akg k92 matte black,AKG,Headphones,wire,No-gamer,48.0,4.5,289000,Austria,high-end
414,audifonos in-ear gamer inalam xiaomi redmi buds 3 lite negro,XIAOMI,in-ear,wire,gamer,0.0,4.5,96900,China,Mobil accessories
416,audifonos redmi airdotspro bluetooth 5.0 control touch,OTHER,Headphones,bluetooth,No-gamer,0.0,4.5,54900,China,Other
419,audifonos inalambricos marshall major iv negro,MARSHALL,Headphones,bluetooth,No-gamer,0.0,4.5,995900,UK,high-end
424,audifonos in-ear inalambricos apple beats studio buds negro,BEATS,in-ear,bluetooth,No-gamer,0.0,4.5,1042900,USA,high-end
425,"diadema manos libres audifonos motorola moto xt120, plug 3.5",MOTOROLA,in-ear,wire,No-gamer,0.0,4.5,74900,USA,Mobil accessories
427,audifonos in-ear gamer inalambricos xiaomi redmi buds 3 lite,XIAOMI,in-ear,bluetooth,gamer,0.0,4.5,94999,China,Mobil accessories
428,audifonos xiaomi redmi buds 3 pro negros,XIAOMI,Headphones,wire,No-gamer,0.0,4.5,199900,China,Mobil accessories
430,audifonos in-ear inalambricos jbl tune 215tws negro,JBL,in-ear,bluetooth,No-gamer,8.0,4.5,302900,USA,high-end
432,audifonos gamer inalambricos lenovo lp7 negro,LENOVO,Headphones,bluetooth,gamer,184.0,4.5,106134,China,Mobil accessories
433,audifonos behringer hps3000 negro y plateado,BEHRINGER,Headphones,wire,No-gamer,20.0,4.5,124900,Germany,professional
436,audifonos inalambricos aftershokz aeropex standard lunar gray,AFTERSHOKZ,Headphones,bluetooth,No-gamer,70.0,4.5,1115000,USA,high-end
438,audifonos 100% lenovo xt95 pro gaming bluetooth negro ya!!,LENOVO,Headphones,bluetooth,No-gamer,0.0,4.5,106900,China,Mobil accessories
442,"audifonos inhalambricos 5.1 conduccion osea micro sd, 8horas",OTHER,Headphones,wire,No-gamer,0.0,4.5,61900,China,Other
443,audifonos sony mdr-7506 negro,SONY,Headphones,wire,No-gamer,13.0,4.5,615770,Japan,high-end
444,auriculares audifonos oppo blanco,OPPO,Headphones,wire,No-gamer,0.0,4.5,45600,China,Mobil accessories
445,audifonos inalambricos jbl tune 600 btnc blanco,JBL,Headphones,bluetooth,No-gamer,41.0,4.5,248865,USA,high-end
446,audifonos deportivos samsung itfit a08c,SAMSUNG,Headphones,wire,No-gamer,0.0,4.5,72402,Korea,Mobil accessories
450,audifonos para samsung excelente calidad,SAMSUNG,Headphones,wire,No-gamer,0.0,4.5,18990,Korea,Mobil accessories
452,audifonos inalambricos soundcore life series life q35 negro,SOUNDCORE,Headphones,bluetooth,No-gamer,0.0,4.5,545859,China,high-end
463,audifonos originales apple earpods conector 3.5mm garantia,APPLE,Headphones,wire,No-gamer,0.0,4.5,69990,USA,Mobil accessories
464,audifonos in-ear inalambricos jbl tune 130nc tws negro,JBL,in-ear,bluetooth,No-gamer,10.0,4.5,449000,USA,high-end
467,audifonos lenovo he05x con banda magnetica - bluetooth 5.0 ,LENOVO,Headphones,bluetooth,No-gamer,0.0,4.5,80000,China,Mobil accessories
468,audifonos behringer hpx4000 negro,BEHRINGER,Headphones,wire,No-gamer,9.0,4.5,192000,Germany,professional
472,"audifonos tronsmart onyx pure bt 5.3, ipx5, 3 modos d audio",OTHER,Headphones,wire,No-gamer,0.0,4.5,144900,China,Other
474,audifonos marshall monitor black,MARSHALL,Headphones,wire,No-gamer,0.0,4.5,911900,UK,high-end
475,audifonos inalambricos pioneer hdj-cue1bt negro,PIONEER,Headphones,bluetooth,No-gamer,0.0,4.5,515000,Japan,professional
479,audifonos in-ear sony ex series mdr-ex15lp blanco,SONY,in-ear,wire,No-gamer,245.0,4.5,26900,Japan,high-end
481,audifonos sony internos - mdr-e9lp,SONY,in-ear,wire,No-gamer,0.0,4.5,23900,Japan,high-end
482,audifonos manos libres para iphone 5 6 6s 7 ipod plug 3.5mm ,OTHER,in-ear,wire,No-gamer,0.0,4.5,22000,China,Other
485,audifonos in-ear inalambricos bose sport earbuds triple black,BOSE,in-ear,bluetooth,No-gamer,10.0,4.5,1029900,USA,professional
486,lenovo audifonos conduccion osea x3pro deportivo impermeable,LENOVO,Headphones,wire,No-gamer,0.0,4.5,200000,China,Mobil accessories
487,audifonos pioneer hdj-x5 silver,PIONEER,Headphones,wire,No-gamer,10.0,4.5,595000,Japan,professional
489,audifonos in-ear inalambricos samsung galaxy buds2 verde,SAMSUNG,in-ear,bluetooth,No-gamer,135.0,4.5,349900,Korea,Mobil accessories
490,audifonos jbl tune 500 rosa,JBL,Headphones,wire,No-gamer,280.0,4.5,168400,USA,high-end
491,audifonos originales para huawei,HUAWEI,Headphones,wire,No-gamer,0.0,4.5,48990,China,Mobil accessories
492,"logitech g535, diadema gamer inalambrica lightspeed, pc/ps5",LOGITECH,Headphones,wire,gamer,0.0,4.5,499900,Swiss,high-end
496,audifonos in-ear inalambricos jbl tune 115bt negro,JBL,in-ear,bluetooth,No-gamer,73.0,4.5,159900,USA,high-end
497,mi true wireless earbuds basic 2 originales xiaomi,XIAOMI,in-ear,wire,No-gamer,0.0,4.5,89900,China,Mobil accessories
499,audifonos inalambricos lenovo livepods lp40 + estuche rigido,LENOVO,Headphones,bluetooth,No-gamer,0.0,4.5,98900,China,Mobil accessories
502,audifonos bluetooth inalambricos xiaomi redmi buds 3 lite,XIAOMI,Headphones,bluetooth,No-gamer,0.0,4.5,114890,China,Mobil accessories
506,audifonos manoslibres xiaomi piston 3 originales,XIAOMI,Headphones,wire,No-gamer,0.0,4.5,31000,China,Mobil accessories
507,audifonos in-ear inalambricos jbl tune 225tws black,JBL,in-ear,bluetooth,No-gamer,9.0,4.5,428500,USA,high-end
508,audifonos 100% lenovo lp40 pro bluetooth 5.1 purpura ya!!,LENOVO,Headphones,bluetooth,No-gamer,0.0,4.5,84000,China,Mobil accessories
509,audifonos sony linkbuds resistentes al agua | wf-l900,SONY,Headphones,wire,No-gamer,0.0,4.5,999900,Japan,high-end
510,audifonos samsung in ear fit eg920b s6 s7 manos libres,SAMSUNG,in-ear,wire,No-gamer,0.0,4.5,49990,Korea,Mobil accessories
513,audifonos behringer hpx6000 negro,BEHRINGER,Headphones,wire,No-gamer,9.0,4.5,287000,Germany,professional
514,diadema manos libres bluetooth v5.0 motorola moto xt220,MOTOROLA,in-ear,bluetooth,No-gamer,0.0,4.5,144900,USA,Mobil accessories
515,audifonos inalambricos aftershokz air midnight blue,AFTERSHOKZ,Headphones,bluetooth,No-gamer,26.0,4.5,909990,USA,high-end
516,repuesto airpods pro izquierdo original,APPLE,in-ear,wire,No-gamer,0.0,4.5,410000,USA,Mobil accessories
518,audifonos in-ear inalambricos xiaomi redmi airdots 2 blanco,XIAOMI,in-ear,bluetooth,No-gamer,0.0,4.5,52000,China,Mobil accessories
520,"audifinos inhalambricos bluetoot5.1 conduccion osea, 8 horas",OTHER,Headphones,wire,No-gamer,0.0,4.5,53900,China,Other
521,audifonos inalambricos conduccion osea lenovo x5 bluetooth,LENOVO,Headphones,bluetooth,No-gamer,0.0,4.5,364600,China,Mobil accessories
525,lenovo inalambrico alta calidad auriculares + estuche,LENOVO,Headphones,bluetooth,No-gamer,0.0,4.5,110000,China,Mobil accessories
528,audifonos in-ear inalambricos skullcandy sesh true wireless earbuds negro,SKULLCANDY,in-ear,bluetooth,No-gamer,7.0,4.5,234000,USA,high-end
529,audifonos earpods apple iphone lighting 7 8 x plus original,APPLE,Headphones,wire,No-gamer,0.0,4.5,85000,USA,Mobil accessories
530,audifonos in-ear inalambricos soundcore life series p2i negro,SOUNDCORE,in-ear,bluetooth,No-gamer,0.0,4.5,209899,China,high-end
531,audifonos in-ear inalambricos samsung galaxy buds blanco,SAMSUNG,in-ear,bluetooth,No-gamer,100.0,4.5,549500,Korea,Mobil accessories
535,audifonos originales samsung note 9 akg garantia 3 meses,SAMSUNG,Headphones,wire,No-gamer,0.0,4.5,49990,Korea,Mobil accessories
537,audifonos originales iphone 6 apple earpods garantia 3 meses,APPLE,Headphones,wire,No-gamer,0.0,4.5,69990,USA,Mobil accessories
538,audifonos inalambricos jbl live 650 btnc negro,JBL,Headphones,bluetooth,No-gamer,7.0,4.5,636776,USA,high-end
541,audifonos in-ear inalambricos huawei freebuds 4 ceramic white,HUAWEI,in-ear,bluetooth,No-gamer,10.0,4.5,699900,China,Mobil accessories
544,airpods pro 2da generacion inalambricos aaa - contramarcados,APPLE,in-ear,bluetooth,No-gamer,0.0,4.5,249900,USA,Mobil accessories
545,apple airpods max - verde,APPLE,in-ear,wire,No-gamer,13.0,4.5,3625900,USA,Mobil accessories
546,audifonos in-ear inalambricos xiaomi redmi airdots 2,XIAOMI,in-ear,bluetooth,No-gamer,0.0,4.5,51900,China,Mobil accessories
548,audifonos in-ear deportivos lenovo livepods lp75 bluetoot5.3,LENOVO,in-ear,wire,No-gamer,0.0,4.5,144900,China,Mobil accessories
551,"audifonos inalambricos n65s micro sd, fm, bluetooth lcd 1.5 ",OTHER,Headphones,bluetooth,No-gamer,0.0,4.5,33999,China,Other
552,"audifonos lenovo lp75 deportivos bluetooth 5,3 original!",LENOVO,Headphones,bluetooth,No-gamer,0.0,4.5,145900,China,Mobil accessories
556,bluetooth 5.0 audifonos in-ear inalambricos tws negro gamer,OTHER,in-ear,bluetooth,gamer,0.0,4.5,55000,China,Other
557,audifonos bluetooth xiaomi redmi buds 3 lite blanco original,XIAOMI,Headphones,bluetooth,No-gamer,0.0,4.5,109890,China,Mobil accessories
558,apple airpods max - plateado,APPLE,in-ear,wire,No-gamer,13.0,4.5,4335900,USA,Mobil accessories
559,auriculares bluetooth maxell one mobile mono auricular,MAXELL,Headphones,bluetooth,No-gamer,0.0,4.5,49900,Japan,Mobil accessories
563,airpods pro aaa inalambricos contramarcados ,APPLE,in-ear,bluetooth,No-gamer,0.0,4.5,149900,USA,Mobil accessories
565,manos libres airess xg8 bluetoth 5.0 real / charge indicator,OTHER,in-ear,wire,No-gamer,0.0,4.5,229900,China,Other
569,samsung buds 2,SAMSUNG,Headphones,wire,No-gamer,0.0,4.5,319900,Korea,Mobil accessories
571,audifonos in-ear inalambricos huawei freebuds 3 rojo,HUAWEI,in-ear,bluetooth,No-gamer,44.0,4.5,349900,China,Mobil accessories
576,audifonos inalambricos bluetooth 5.0 ,OTHER,Headphones,bluetooth,No-gamer,0.0,4.5,37900,China,Other
579,audifonos in ear maxell solid+ sin-8 3.5mm con microfono,MAXELL,Headphones,wire,No-gamer,27.0,4.5,44424,Japan,Mobil accessories
584,audifonos in-ear bluethooth lenovo livepods lp40pro violeta,LENOVO,in-ear,wire,No-gamer,0.0,4.5,81500,China,Mobil accessories
591,audifonos lenovo lp50 audifonos tws - super precio!!,LENOVO,Headphones,wire,No-gamer,0.0,4.5,129900,China,Mobil accessories
592,audifonos in-ear inalambricos bose soundsport free midnight blue,BOSE,in-ear,bluetooth,No-gamer,54.0,4.5,2114900,USA,professional
593,audifonos 100% lenovo true wireless qt82 bt 5.0 negros ya!!,LENOVO,Headphones,wire,No-gamer,0.0,4.5,76000,China,Mobil accessories
594,audifonos diadema bluetooth v5.0 motorola moto xt220,MOTOROLA,Headphones,bluetooth,No-gamer,0.0,4.5,144900,USA,Mobil accessories
596,audifonos pioneer hdj-x10 negro,PIONEER,Headphones,wire,No-gamer,0.0,4.5,1770200,Japan,professional
597,audifonos lenovo xt83 tws auriculares bluetooth inalambricos,LENOVO,Headphones,bluetooth,No-gamer,0.0,4.5,89900,China,Mobil accessories
599,"earpods audifononos iphone apple, iphone 6/6s originales",APPLE,Headphones,wire,No-gamer,0.0,4.5,60000,USA,Mobil accessories
602,audifonos inalambricos soundcore life series life q35 azul,SOUNDCORE,Headphones,bluetooth,No-gamer,0.0,4.5,639900,China,high-end
604,"audifonos conduccion osea lenovo x4 inalambricos, bluetooth.",LENOVO,Headphones,bluetooth,No-gamer,0.0,4.5,202000,China,Mobil accessories
606,audifonos xiaomi piston fresh manos libres original 1 more ,XIAOMI,in-ear,wire,No-gamer,0.0,4.5,34999,China,Mobil accessories
608,"audifonos akg samsung s22/22/+/ultra,s21/21+,21ultra,note10",SAMSUNG,Headphones,wire,No-gamer,0.0,4.5,69000,Korea,Mobil accessories
610,"auriculares inalambricos con bluetooth, 5.0 manos libres",OTHER,in-ear,bluetooth,No-gamer,0.0,4.5,90000,China,Other
611,audifonos jbl tune 230 nc tws inalambrico 40 horas,JBL,Headphones,bluetooth,No-gamer,0.0,4.5,408600,USA,high-end
612,audifonos bluetooth lenovo x3 pro conduccion osea 7 horas,LENOVO,Headphones,bluetooth,No-gamer,0.0,4.5,189990,China,Mobil accessories
613,audifonos sennheiser hd 25 plus black,SENNHEISER,Headphones,wire,No-gamer,0.0,4.5,1290000,Germany,high-end
614,manos libres mh-410c conector recto 3.5mm,OTHER,in-ear,wire,No-gamer,0.0,4.5,21900,China,Other
618,audifonos lenovo gm5  para juegos con bluetooth inalambricos,LENOVO,Headphones,bluetooth,No-gamer,0.0,4.5,89900,China,Mobil accessories
620,audifonos bluetooth inalambricos  xiaomi redmi buds 3 ,XIAOMI,Headphones,bluetooth,No-gamer,0.0,4.5,179980,China,Mobil accessories
630,audifonos in-ear inalambricos bose soundsport wireless aqua,BOSE,in-ear,bluetooth,No-gamer,17.0,4.5,899000,USA,professional
631,"lenovo lp40 tws bluetooth 5,0",LENOVO,Headphones,bluetooth,No-gamer,0.0,4.5,70000,China,Mobil accessories
632,audifonos sony bluetooth con noise cancelling - wf-1000xm4,SONY,Headphones,bluetooth,No-gamer,0.0,4.5,1499904,Japan,high-end
634,audifonos inalambricos jbl endurance sprint rojo,JBL,Headphones,bluetooth,No-gamer,96.0,4.5,269900,USA,high-end
636,audifonos logitech h151 negro,LOGITECH,Headphones,wire,No-gamer,89.0,4.5,129295,Swiss,high-end
638,audifonos inalambricos xiaomi redmi buds 3 lite,XIAOMI,Headphones,bluetooth,No-gamer,0.0,4.5,112000,China,Mobil accessories
640,audifonos sony true wireless tipo earbuds | wf-c500,SONY,in-ear,wire,No-gamer,0.0,4.5,549899,Japan,high-end
642,audifono manos libres v8 conducir bluetooth 5.0 microfono,OTHER,in-ear,bluetooth,No-gamer,0.0,4.5,54900,China,Other
643,audifonos inalambricos jbl tune 110bt blue,JBL,Headphones,bluetooth,No-gamer,98.0,4.5,138500,USA,high-end
647,audifonos in-ear sony ex series mdr-ex15lp rosa,SONY,in-ear,wire,No-gamer,245.0,4.5,26900,Japan,high-end
648,audifonos sony zx series mdr-zx310 gray,SONY,Headphones,wire,No-gamer,0.0,4.5,228900,Japan,high-end
649,audifonos inalambricos conduccion osea lenovo x4 bluetooth,LENOVO,Headphones,bluetooth,No-gamer,0.0,4.5,195900,China,Mobil accessories
650,audifonos inalambricos aftershokz openmove rosa,AFTERSHOKZ,Headphones,bluetooth,No-gamer,25.0,4.5,439900,USA,high-end
651,new bee auricular manos libre bluetooth v5.0,OTHER,Headphones,bluetooth,No-gamer,0.0,4.5,89900,China,Other
654,jbl auriculares inhalambricos endurance race,JBL,Headphones,wire,No-gamer,0.0,4.5,429900,USA,high-end
655,audifono aiwa awf10w con microfono conexion 3.5 mm blanco,OTHER,Headphones,wire,No-gamer,0.0,4.5,19900,China,Other
660,audifonos in-ear inalambricos honor choice blanco,HONOR,in-ear,bluetooth,No-gamer,68.0,4.5,287990,China,Mobil accessories
663,audifonos in-ear inalambricos xiaomi mi airdots pro white,XIAOMI,in-ear,bluetooth,No-gamer,69.0,4.5,386900,China,Mobil accessories
665,audifonos originales samsung s5 s4 cable plano garantia,SAMSUNG,Headphones,wire,No-gamer,0.0,4.5,34990,Korea,Mobil accessories
666,audifonos in-ear inalambricos bose soundsport wireless black,BOSE,in-ear,bluetooth,No-gamer,17.0,4.5,899000,USA,professional
667,audifonos 9d bluetooth m12 5.0 tocuh 2000 mah power bank ,OTHER,Headphones,bluetooth,No-gamer,0.0,4.5,94900,China,Other
671,auriculares earbuds n21 tws bt 5.0,OTHER,in-ear,wire,No-gamer,0.0,4.5,59900,China,Other
676,audifonos touch tactil i12 inalambricos bluetooth v 5.0 envi,OTHER,Headphones,bluetooth,No-gamer,0.0,4.5,29500,China,Other
678,audifonos ergonomico alambricos stereo blanco 3.5mm + microf,OTHER,Headphones,wire,No-gamer,0.0,4.5,14900,China,Other
681,lenovo-auriculares inalambricos lp2 ,LENOVO,Headphones,bluetooth,No-gamer,0.0,4.5,110000,China,Mobil accessories
682,"audifono xiaomi redmi buds 3 lite blanco, 100% originales ",XIAOMI,Headphones,wire,No-gamer,0.0,4.5,109999,China,Mobil accessories
685,audifonos jbl tune 230 tws truly wireless,JBL,Headphones,wire,No-gamer,0.0,4.5,449900,USA,high-end
687,audifonos gamer inalambricos logitech g series g935 negro y azul con luz  rgb led,LOGITECH,Headphones,bluetooth,gamer,49.0,4.5,719900,Swiss,high-end
691,audifonos in-ear inalambricos jbl tune 215tws blanco,JBL,in-ear,bluetooth,No-gamer,8.0,4.5,399900,USA,high-end
693,audifonos in-ear inalambricos huawei freelace emerald green,HUAWEI,in-ear,bluetooth,No-gamer,188.0,4.5,339900,China,Mobil accessories
694,audifono inalambrico jbl live 660nc negro,JBL,Headphones,bluetooth,No-gamer,8.0,4.5,619000,USA,high-end
695,"audifonos lenovo xt90 air pods originales, sellados, negro",LENOVO,Headphones,wire,No-gamer,0.0,4.5,82900,China,Mobil accessories
697,audifonos conduccion osea lenovo x3 pro 7 horas 10 mts ip56 ,LENOVO,Headphones,wire,No-gamer,0.0,4.5,179500,China,Mobil accessories
698,auriculares inalambricos over-ear audio-technica ath-m20xbt,AUDIO-TECHNICA,Headphones,bluetooth,No-gamer,0.0,4.5,479000,Japan,professional
699,audifonos lenovo inalambricos bluetooth xt95 pro,LENOVO,Headphones,bluetooth,No-gamer,0.0,4.5,102900,China,Mobil accessories
703,audifonos originales huawei am115 conector 3.5mm manoslibres,HUAWEI,Headphones,wire,No-gamer,0.0,4.5,54990,China,Mobil accessories
707,audifonos jbl tune t510bt bluetooth,JBL,Headphones,bluetooth,No-gamer,0.0,4.5,219900,USA,high-end
709,audifonos xiaomi mi true wireless earbuds basic,XIAOMI,in-ear,wire,No-gamer,0.0,4.5,89900,China,Mobil accessories
712,audifonos xiaomi mi dual drivers dynamic 100% originales hd,XIAOMI,Headphones,wire,No-gamer,0.0,4.5,78800,China,Mobil accessories
713,audifonos sony con funcion manos libres - mdr-zx110ap,SONY,in-ear,wire,No-gamer,0.0,4.5,61900,Japan,high-end
714,audifonos auricular alambricos manos libres microfono 3.5mm,OTHER,in-ear,wire,No-gamer,0.0,4.5,18814,China,Other
716,auriculares inpods 12 tws bluetooth 5.0 touch,OTHER,Headphones,bluetooth,No-gamer,0.0,4.5,49900,China,Other
719,audifonos in-ear skullcandy ink'd 2 gray y cyan,SKULLCANDY,in-ear,wire,No-gamer,0.0,4.5,120500,USA,high-end
720,audifonos originales samsung note 10 akg garantia 3 meses,SAMSUNG,Headphones,wire,No-gamer,0.0,4.5,109990,Korea,Mobil accessories
726,audifonos lenovo x5 conduccion osea sumergibles memoria 8gb,LENOVO,Headphones,wire,No-gamer,0.0,4.5,239900,China,Mobil accessories
732,audifonos inalambricos aftershokz openmove azul,AFTERSHOKZ,Headphones,bluetooth,No-gamer,25.0,4.5,439900,USA,high-end
737,redmi airdotspro bluetooth 5.0 control touch,OTHER,Headphones,bluetooth,No-gamer,0.0,4.5,50000,China,Other
741,audifonos gamer inalambricos logitech g series g733 kda con luz  rgb led,LOGITECH,Headphones,bluetooth,gamer,84.0,4.5,745900,Swiss,high-end
742,audifonos in-ear inalambricos xiaomi redmi airdots 2 negro,XIAOMI,in-ear,bluetooth,No-gamer,0.0,4.5,89900,China,Mobil accessories
743,estuche audifonos diadema sony audiotechnica bose sennheiser,BOSE,Headphones,wire,No-gamer,0.0,4.5,79900,USA,professional
745,audifonos inalambricos bose quietcomfort 35 black,BOSE,Headphones,bluetooth,No-gamer,18.0,4.5,2113702,USA,professional
746,audifonos 100% lenovo xt95 pro gaming bluetooth blanco ya!! ,LENOVO,Headphones,bluetooth,No-gamer,0.0,4.5,106900,China,Mobil accessories
748,audifonos inalambricos lenovo livepods lp40 pro ,LENOVO,Headphones,bluetooth,No-gamer,0.0,4.5,99000,China,Mobil accessories
760,audifonos inalambricos jbl tune 110bt white,JBL,Headphones,bluetooth,No-gamer,98.0,4.5,154900,USA,high-end
761,audifonos samsung galaxy j1 j3 j5 j7 prime ace manos libres,SAMSUNG,in-ear,wire,No-gamer,0.0,4.5,24990,Korea,Mobil accessories
762,audifonos lenovo inalambricos bluetooth livepods lp40 pro,LENOVO,Headphones,bluetooth,No-gamer,0.0,4.5,92000,China,Mobil accessories
764,audifonos jbl endurance race deportivos 30 horas bateria ,JBL,Headphones,wire,No-gamer,0.0,4.5,398500,USA,high-end
767,manos libres samsung s10  akg originales,SAMSUNG,in-ear,wire,No-gamer,0.0,4.5,52250,Korea,Mobil accessories
769,audifonos gamer inalambricos p30. sonido hi-fi,OTHER,Headphones,bluetooth,gamer,0.0,4.5,80000,China,Other
770,straps para airpods correa antiperdida cable audifonos hook,APPLE,in-ear,wire,No-gamer,0.0,4.5,9500,USA,Mobil accessories
774,xiaomi redmi airdots 2 100% originales - bluetooth 5.0 ,XIAOMI,Headphones,bluetooth,No-gamer,0.0,4.5,90900,China,Mobil accessories
775,audifonos beats flex - amarillo citrico,BEATS,Headphones,wire,No-gamer,52.0,4.5,359550,USA,high-end
778,audifonos samsung itfit a08c,SAMSUNG,Headphones,wire,No-gamer,0.0,4.5,79800,Korea,Mobil accessories
779,audifonos jbl free work from home mic 40mm,JBL,Headphones,wire,No-gamer,0.0,4.5,179900,USA,high-end
780,audifonos earbuds r9 sonido 9d tws bt 5.1 - powerbank ,OTHER,in-ear,wire,No-gamer,0.0,4.5,79900,China,Other
782,"airpods pro 2da generacion - nuevos sellados, originales!!",APPLE,in-ear,wire,No-gamer,0.0,4.5,1349990,USA,Mobil accessories
787,audifonos beyerdynamic dt 770 pro 80 ohm negro y gris,BEYERDYNAMIC,Headphones,wire,No-gamer,0.0,4.5,1017990,Germany,professional
789,audifonos in-ear inalambricos jbl tune 220tws negro,JBL,in-ear,bluetooth,No-gamer,9.0,4.5,432900,USA,high-end
793,audifonos lenovo xt90 tws earbuds bluetooth inalambricos ,LENOVO,in-ear,bluetooth,No-gamer,0.0,4.5,81900,China,Mobil accessories
794,audifonos bluetooth jbl tune215bt 16 horas tipo c ergonomico,JBL,Headphones,bluetooth,No-gamer,0.0,4.5,189900,USA,high-end
795,airpods pro 2da generacion 2022,APPLE,in-ear,wire,No-gamer,0.0,4.5,1470000,USA,Mobil accessories
796,audifonos sony linkbuds s noise cancelling | wf-ls900n,SONY,Headphones,wire,No-gamer,0.0,4.5,1129900,Japan,high-end
799,audifonos in-ear xiaomi mi capsule earphones original,XIAOMI,in-ear,wire,No-gamer,0.0,4.5,44890,China,Mobil accessories
801,audifonos inalambricos bluetooth xiaomi redmi buds essential,XIAOMI,Headphones,bluetooth,No-gamer,0.0,4.5,119890,China,Mobil accessories
803, audifonos inalambricos bluetooth xiaomi redmi buds 3 lite,XIAOMI,Headphones,bluetooth,No-gamer,0.0,4.5,154900,China,Mobil accessories
804,"audifonos diadema bluetooth v5.0 / 25h, motorola moto x500+",MOTOROLA,Headphones,bluetooth,No-gamer,0.0,4.5,184900,USA,Mobil accessories
805,auriculares earbuds l12 tws bt 5.0,OTHER,in-ear,wire,No-gamer,0.0,4.5,75900,China,Other
806,audifonos inalambricos f9-5 negro bluetooth 5.1 tactil,OTHER,Headphones,bluetooth,No-gamer,0.0,4.5,39800,China,Other
807,audifonos gamer logitech g series g335 mint,LOGITECH,Headphones,wire,gamer,32.0,4.5,262000,Swiss,high-end
814,audifonos manos libres con cable 3.5 jack blancos alambricos,OTHER,in-ear,wire,No-gamer,0.0,4.5,7900,China,Other
819,headset gamer logitech g series g432 black,LOGITECH,Headphones,wire,gamer,33.0,4.5,328429,Swiss,high-end
820,audifonos tipo c samsung originales akg mic cable blindado ,SAMSUNG,Headphones,wire,No-gamer,0.0,4.5,79990,Korea,Mobil accessories
822,apple earpods con conector lightning iphone 12 13 ipad ,APPLE,Headphones,wire,No-gamer,0.0,4.5,85000,USA,Mobil accessories
824,audifonos gamer inalambricos logitech g series g733 azul con luz  rgb led,LOGITECH,Headphones,bluetooth,gamer,84.0,4.5,632900,Swiss,high-end
828,maxell audifo in-tips in ear stereo buds w/mic red,MAXELL,Headphones,wire,No-gamer,0.0,4.5,22800,Japan,Mobil accessories
829,audifonos inalambricos bluetooth lenovo livepods lp40 pro ,LENOVO,Headphones,bluetooth,No-gamer,0.0,4.5,80800,China,Mobil accessories
831,"auriculares lenovo  para videojuegos, alta calidad ",LENOVO,Headphones,wire,No-gamer,0.0,4.5,145000,China,Mobil accessories
832,audifonos inalambricos jbl tune 500bt azul,JBL,Headphones,bluetooth,No-gamer,522.0,4.5,208900,USA,high-end
836,straps para airpods correa antiperdida magnetico earhook aud,APPLE,in-ear,wire,No-gamer,0.0,4.5,12500,USA,Mobil accessories
837,audifonos 8d bluetooth 5.0 tocuh inalambrico power bank 2020,OTHER,Headphones,bluetooth,No-gamer,0.0,4.5,74900,China,Other
838,audifonos inalambricos tws haylou moripods (t33) bt 5.2,HAYLOU,Headphones,bluetooth,No-gamer,0.0,4.5,129900,China,Mobil accessories
841,audifonos f9 inalambricos tws banco de carga bluetooth 5.0,OTHER,Headphones,bluetooth,No-gamer,0.0,4.5,44900,China,Other
850,audifonos a6s tws recargable bluetooth 5.0 mini manos libres,OTHER,in-ear,bluetooth,No-gamer,0.0,4.5,55000,China,Other
851,audifonos inalambricos jbl c330 tws in-ear bluetooth,JBL,in-ear,bluetooth,No-gamer,0.0,4.5,155000,USA,high-end
852,audifonos inalambricos lenovo lp40 pro bluetooth originales ,LENOVO,Headphones,bluetooth,No-gamer,0.0,4.5,78999,China,Mobil accessories
854,audifonos inalambricos lenovo thinkplus live pods xt96,LENOVO,Headphones,bluetooth,No-gamer,0.0,4.5,100000,China,Mobil accessories
855,audifonos gamer inalambricos logitech g series g733 lila con luz  rgb led,LOGITECH,Headphones,bluetooth,gamer,84.0,4.5,638900,Swiss,high-end
861,audifonos in-ear inalambricos samsung galaxy buds live mystic bronze,SAMSUNG,in-ear,bluetooth,No-gamer,117.0,4.5,486900,Korea,Mobil accessories
865,audifonos manos libres xiaomi mi in-ear headphones basic ,XIAOMI,in-ear,wire,No-gamer,0.0,4.5,29900,China,Mobil accessories
873,audifonos calidad entrada 3.5mm control volumen blancos,OTHER,Headphones,wire,No-gamer,0.0,4.5,7500,China,Other
882,audifonos inalambricos lenovo thinkplus lp40 pro  bt 5.1,LENOVO,Headphones,bluetooth,No-gamer,0.0,4.5,79000,China,Mobil accessories
885,audifonos in-ear inalambricos apple beats studio buds rojo beats,BEATS,in-ear,bluetooth,No-gamer,0.0,4.5,1030000,USA,high-end
889,audifonos beats studio³ wireless - white,BEATS,Headphones,wire,No-gamer,9.0,4.5,1799900,USA,high-end
891,cable de repuesto para bose qc35 qc25 oe2 soundtrue ae2,BOSE,Headphones,wire,No-gamer,0.0,4.5,39900,USA,professional
893,audifonos lenovo xt81 thinkplus livepods bluetooth 5.3,LENOVO,Headphones,bluetooth,No-gamer,0.0,4.5,80000,China,Mobil accessories
894,correa magnetica para audifonos airpods antiperdida anticaid,APPLE,in-ear,wire,No-gamer,0.0,4.5,9990,USA,Mobil accessories
897,audifonos samsung inalambricos in ear galaxy buds live,SAMSUNG,Headphones,bluetooth,No-gamer,0.0,4.5,263200,Korea,Mobil accessories
898,audifonos inalambricos pioneer hdj-x5bt dorado,PIONEER,Headphones,bluetooth,No-gamer,0.0,4.5,990000,Japan,professional
900,audifonos beats ep - negro,BEATS,Headphones,wire,No-gamer,26.0,4.5,520000,USA,high-end
907,audifonos in-ear inalambricos xiaomi redmi buds 3 pro - gray,XIAOMI,in-ear,bluetooth,No-gamer,0.0,4.5,299980,China,Mobil accessories
909,audifonos inalambricos sony wf-sp700n negro,SONY,Headphones,bluetooth,No-gamer,8.0,4.5,425634,Japan,high-end
910,audifonos gamer logitech g series g335 blanco,LOGITECH,Headphones,wire,gamer,32.0,4.5,270000,Swiss,high-end
911,audifonos bluetooth xiaomi buds 3 pro original ,XIAOMI,Headphones,bluetooth,No-gamer,0.0,4.5,399900,China,Mobil accessories
912,audifonos lenovo inalambricos bluetooth hx106,LENOVO,Headphones,bluetooth,No-gamer,0.0,4.5,95000,China,Mobil accessories
922,audifonos in-ear inalambricos samsung galaxy buds 2 graphite,SAMSUNG,in-ear,bluetooth,No-gamer,0.0,4.5,299900,Korea,Mobil accessories
926,audifonos bluetooth 5.0 tws i99 touch inear control+pantalla,OTHER,Headphones,bluetooth,No-gamer,0.0,4.5,54900,China,Other
930,audifonos jbl quantum 50,JBL,Headphones,wire,No-gamer,0.0,4.5,129900,USA,high-end
931,audifonos motorola moto xt120,MOTOROLA,Headphones,wire,No-gamer,0.0,4.5,69035,USA,Mobil accessories
933,audifonos in-ear inalambricos lenovo livepods lp40 pro ,LENOVO,in-ear,bluetooth,No-gamer,0.0,4.5,80000,China,Mobil accessories
934,audifono sennheiser m3ietw2 momentum true wireless 2 negro ,SENNHEISER,Headphones,wire,No-gamer,0.0,4.5,1299900,Germany,high-end
935,audifonos tipo diadema alambrico sony extra bass -xb450,SONY,Headphones,wire,No-gamer,0.0,4.5,34000,Japan,high-end
937,audifonos auriculares inalambricos airpods pro 5s,APPLE,in-ear,bluetooth,No-gamer,0.0,4.5,98900,USA,Mobil accessories
940,audifono sennheiser 400s alambrico con microfono,SENNHEISER,Headphones,wire,No-gamer,0.0,4.5,339900,Germany,high-end
945,audifonos sony con funcion de manos libres - mdr-zx310ap,SONY,in-ear,wire,No-gamer,0.0,4.5,74900,Japan,high-end
946,manos libres lenovo thinkplus livepods bh4,LENOVO,in-ear,wire,No-gamer,0.0,4.5,119900,China,Mobil accessories
947,auriculares conduccion osea bt5.0 llamada musica sport,OTHER,Headphones,wire,No-gamer,0.0,4.5,71970,China,Other
955,audifonos gamer logitech g series g433 black,LOGITECH,Headphones,wire,gamer,57.0,4.5,399900,Swiss,high-end
960,audifonos inalambricos maxell metalz eb - bt750,MAXELL,Headphones,bluetooth,No-gamer,0.0,4.5,69900,Japan,Mobil accessories
963,"audifonos inalambricos lenovo xt80. bluetooth 5,2 entrega in",LENOVO,Headphones,bluetooth,No-gamer,0.0,4.5,140000,China,Mobil accessories
965,airpods pro 2nd generation version 2023 ,APPLE,in-ear,wire,No-gamer,0.0,4.5,249000,USA,Mobil accessories
971,auriculares gamer inalambricos bluetooth 5.1 hifi tactil,OTHER,Headphones,bluetooth,gamer,0.0,4.5,59900,China,Other
973,audifonos m19 bluetooth 5.1 tactil inalambricos power bank,OTHER,Headphones,bluetooth,No-gamer,0.0,4.5,94900,China,Other
974,audifonos inalambricos lenovo sh1 deportivos bluetooth 5.0,LENOVO,Headphones,bluetooth,No-gamer,0.0,4.5,64900,China,Mobil accessories
983,maxell audifo solid eb-bt100 inalamb bluetooth c/ mic carbon,MAXELL,Headphones,bluetooth,No-gamer,0.0,4.5,73900,Japan,Mobil accessories
985,audifonos in-ear inalambricos sony wf-sp800n blanco,SONY,in-ear,bluetooth,No-gamer,31.0,4.5,1099900,Japan,high-end
986,audifonos originales blancos huawei type 0300,HUAWEI,Headphones,wire,No-gamer,0.0,4.5,30000,China,Mobil accessories
987,audifonos audio-technica ath-m40x estudio profesionales ,AUDIO-TECHNICA,Headphones,wire,No-gamer,0.0,4.5,647000,Japan,professional
989,portatil lenovo amd 3020e 128gb ssd+ 1 tera 4gb ram vega 3,LENOVO,Headphones,wire,No-gamer,0.0,4.5,1149000,China,Mobil accessories
990,samsung audifonos in-ear inalambricosgalaxy buds2 lila,SAMSUNG,in-ear,bluetooth,No-gamer,0.0,4.5,419920,Korea,Mobil accessories
991,audifonos magneticos lenovo he05 deportivos ipx5 bluetooth,LENOVO,Headphones,bluetooth,No-gamer,0.0,4.5,59500,China,Mobil accessories
992,audifonos lenovo thinkplus live pods x16 - super precio!!,LENOVO,Headphones,wire,No-gamer,0.0,4.5,109900,China,Mobil accessories
995,"manos libres akg note 10, 10 plus originales",AKG,in-ear,wire,No-gamer,0.0,4.5,69000,Austria,high-end
997,audifonos tipo aidpods tactil bluetooth con diseño animado.,OTHER,Headphones,bluetooth,No-gamer,0.0,4.5,52000,China,Other
1002,"audifonos lenovo, inalambricos pd1x, in-ear bluetooth 5.0 hd",LENOVO,in-ear,bluetooth,No-gamer,0.0,4.5,110000,China,Mobil accessories
1003,audifonos bluetooth 5.0 con cancelacion de ruido y microfono,OTHER,Headphones,bluetooth,No-gamer,0.0,4.5,44900,China,Other
1019,audifonos in-ear inalambricos samsung galaxy buds negro,SAMSUNG,in-ear,bluetooth,No-gamer,100.0,4.5,539000,Korea,Mobil accessories
1020,audifono deportivo inalambrico bt 5.0,OTHER,Headphones,bluetooth,No-gamer,0.0,4.5,35900,China,Other
1021,audifonos inalambricos lenovo x4 bluetooth earbuds 9d,LENOVO,in-ear,bluetooth,No-gamer,0.0,4.5,209990,China,Mobil accessories
1024,audifonos conducciòn osea deportivos bluetooth impermeable.,OTHER,Headphones,bluetooth,No-gamer,0.0,4.5,110000,China,Other
1030,audifonos calidad entrada 3.5mm control volumen blanco color,OTHER,Headphones,wire,No-gamer,0.0,4.5,7500,China,Other
1033,audifonos samsung galaxy buds 2 - negro,SAMSUNG,Headphones,wire,No-gamer,0.0,4.5,379900,Korea,Mobil accessories
1039,portatil dell 3505 ryzen 5 3450u 16gb ssd 256+1tb 15.6 win10,OTHER,Headphones,wire,No-gamer,0.0,4.5,2992900,China,Other
1040,audifonos manos libres samsung galaxy s20 fe usb- c,SAMSUNG,in-ear,wire,No-gamer,0.0,4.5,59900,Korea,Mobil accessories
1041,audifonos inalambricos skullcandy ink'd wireless white y gray,SKULLCANDY,Headphones,bluetooth,No-gamer,0.0,4.5,253900,USA,high-end
1043,diadema inalambrica logitech g535 lightspeed auriculares ,LOGITECH,Headphones,wire,No-gamer,0.0,4.5,599000,Swiss,high-end
1049,audifonos inalambricos compatible con iphone xiaomi samsung,SAMSUNG,Headphones,bluetooth,No-gamer,0.0,4.5,79900,Korea,Mobil accessories
1050,audifonos sony tipo banda para la cabeza - mdr-zx110,SONY,Headphones,wire,No-gamer,0.0,4.5,50900,Japan,high-end
1052,maxell audifo solid+ sin-8 c/microf blue,MAXELL,Headphones,wire,No-gamer,0.0,4.5,49900,Japan,Mobil accessories
1053,audifonos manos libres samsung akg s21/s21 ultra/s21plus,SAMSUNG,in-ear,wire,No-gamer,0.0,4.5,69000,Korea,Mobil accessories
1055,audifonos inalambricos tws xiaomi redmi buds 3 lite bt 5.2,XIAOMI,Headphones,bluetooth,No-gamer,0.0,4.5,89900,China,Mobil accessories
1056,audifonos lenovo de conduccion osea x3 pro,LENOVO,Headphones,wire,No-gamer,0.0,4.5,180000,China,Mobil accessories
1059,airpods pro segunda generacion  open box.,APPLE,in-ear,wire,No-gamer,0.0,4.5,1060000,USA,Mobil accessories
1061,airpods pro (2ª generacion) aaa,APPLE,in-ear,wire,No-gamer,0.0,4.5,209900,USA,Mobil accessories
1063,audifonos 100% lenovo livepods lp75 bluetooth 5.3 negro ,LENOVO,Headphones,bluetooth,No-gamer,0.0,4.5,118500,China,Mobil accessories
1065,"xiaomi redmi buds 3 lite, auriculares in-ear / bluetooth",XIAOMI,in-ear,bluetooth,No-gamer,0.0,4.5,94900,China,Mobil accessories
1066,audifonos inalambricos skullcandy hesh 3 black,SKULLCANDY,Headphones,bluetooth,No-gamer,0.0,4.5,474550,USA,high-end
1067,audifonos xiaomi redmi buds 3 lite negro inalambricos,XIAOMI,Headphones,bluetooth,No-gamer,0.0,4.5,109500,China,Mobil accessories
1068,auriculares audifonos jbl t110 pure bass manos libres ,JBL,in-ear,wire,No-gamer,0.0,4.5,51700,USA,high-end
1069,audifonos inalambricos lenovo lp40 blanco bluetooth 5.0,LENOVO,Headphones,bluetooth,No-gamer,0.0,4.5,70000,China,Mobil accessories
1070,auriculares de conduccion osea lenovo x4,LENOVO,Headphones,wire,No-gamer,0.0,4.5,173500,China,Mobil accessories
1071,audifonos gamer g11 sonido 9d tws bt 5.0 puerto tipo c,OTHER,Headphones,wire,gamer,0.0,4.5,54990,China,Other
1075,audifonos lenovo xt90 tws earbuds bluetooth inalambricos,LENOVO,in-ear,bluetooth,No-gamer,0.0,4.5,99900,China,Mobil accessories
1076,audifonos inalambricos con bluetooth 5.0 bluetooth estereo,OTHER,Headphones,bluetooth,No-gamer,0.0,4.5,45000,China,Other
1079,audifonos inalambricos skullcandy ink'd wireless black y gray,SKULLCANDY,Headphones,bluetooth,No-gamer,0.0,4.5,235900,USA,high-end
1082,audifonos in-ear inalambricos samsung galaxy buds+ negro,SAMSUNG,in-ear,bluetooth,No-gamer,0.0,4.5,140000,Korea,Mobil accessories
1083,lenovo bone headphone x4,LENOVO,Headphones,wire,No-gamer,0.0,4.5,158000,China,Mobil accessories
1086,audifonos lenovo ht05 tws auriculares bluetooth inalambricos,LENOVO,Headphones,bluetooth,No-gamer,0.0,4.5,89900,China,Mobil accessories
1089,audifonos inalambricos jbl tune 750btnc white,JBL,Headphones,bluetooth,No-gamer,46.0,4.5,399900,USA,high-end
1091,audifonos inalambrico haylou gt1 pro tws bluetooth 5.0 touch,HAYLOU,Headphones,bluetooth,No-gamer,0.0,4.5,109900,China,Mobil accessories
1094,audifonos inalambricos aftershokz openmove blanco,AFTERSHOKZ,Headphones,bluetooth,No-gamer,25.0,4.5,463900,USA,high-end
1099,audifonos inalambricos bluetooth lenovo gamer gm2 pro live,LENOVO,Headphones,bluetooth,gamer,0.0,4.5,84900,China,Mobil accessories
1100,audifonos sony bluetooth y nfc noise cancelling | wh-ch710n,SONY,Headphones,bluetooth,No-gamer,0.0,4.5,849900,Japan,high-end
1101,audifonos inalambricos samsung galaxy buds live mystic black,SAMSUNG,Headphones,bluetooth,No-gamer,0.0,4.5,268000,Korea,Mobil accessories
1103,audifonos in-ear inalambricos huawei freebuds 4i silver frost,HUAWEI,in-ear,bluetooth,No-gamer,149.0,4.5,479900,China,Mobil accessories
1105,md04 conduccion osea bt5.0 auricular ruido de desgaste indol,OTHER,Headphones,wire,No-gamer,0.0,4.5,110802,China,Other
1108,manos libres audifonos samsung akg s8 s9 s10 note 9 original,SAMSUNG,in-ear,wire,No-gamer,0.0,4.5,44000,Korea,Mobil accessories
